id,doi,title,publication_year,type,topic_id,topic_name,abstract_text,cited_by_count,fwci,institutions_count,countries_count
https://openalex.org/W4393277008,https://doi.org/10.1021/jacs.3c11836,Initial Primer Synthesis of a DNA Primase Monitored by Real-Time NMR Spectroscopy,2024,article,T11809,Advanced NMR Techniques and Applications,H-detected experiments at fast magic-angle spinning frequencies (100 kHz). A significant number of spectral changes cluster in the HBD pointing to the importance of the HBD for positioning the nucleotides and the dinucleotide.,0,0.0,9,2
https://openalex.org/W2090994619,https://doi.org/10.1109/ulis.2013.6523527,Pure Ge quantum well with high hole mobility,2013,article,T10022,Semiconductor Quantum Structures and Devices,"We present magneto-transport properties of the two dimensional hole gas (2DHG) in fully strained Ge quantum wells grown on S <inf xmlns:mml=""http://www.w3.org/1998/Math/MathML"" xmlns:xlink=""http://www.w3.org/1999/xlink"">i0.2</inf> Ge <inf xmlns:mml=""http://www.w3.org/1998/Math/MathML"" xmlns:xlink=""http://www.w3.org/1999/xlink"">0.8</inf> /Si (100) substrates. Comparison is made between heterostructures that are modulation doped in both normal and inverted configurations. Using Shubnikov de Haas oscillations at temperatures down to 90 mK (inverted structure) and to 1.5K (normal structure), an extremely high hole mobility (0.51–1.34) × 10 <sup xmlns:mml=""http://www.w3.org/1998/Math/MathML"" xmlns:xlink=""http://www.w3.org/1999/xlink"">6</sup> cm <sup xmlns:mml=""http://www.w3.org/1998/Math/MathML"" xmlns:xlink=""http://www.w3.org/1999/xlink"">2</sup> /Vs has been observed, along with the lowest value of effective mass (0.063–0.070) m <inf xmlns:mml=""http://www.w3.org/1998/Math/MathML"" xmlns:xlink=""http://www.w3.org/1999/xlink"">0</inf> to date. The 2DHG is confirmed to be in a pure Ge channel, with low background impurity scattering that improves the 2DHG transport.",0,0.0,12,4
https://openalex.org/W2741749410,,Dissipative effects on a scheme of generation of a W state in an array of coupled Josephson junctions,2011,article,T10020,Quantum Information and Cryptography,"The dynamics of an open quantum system, consisting of three superconducting qubits interacting with independent reservoirs, is investigated to elucidate the effects of the environment on a unitary generation scheme of W states (Migliore R et al 2006 Phys. Rev. B 74 104503). To this end a microscopic master equation is constructed and its exact resolution predicts the generation of a Werner-like state instead of the W state. A comparison between our model and a more intuitive phenomenological model is also considered, in order to find the limits of the latter approach in the case of structured reservoirs.",0,0.0,6,0
https://openalex.org/W2321058276,https://doi.org/10.1103/physreva.86.033809,Erasing quantum distinguishability via single-mode filtering,2012,article,T10020,Quantum Information and Cryptography,"Erasing quantum-mechanical distinguishability is of fundamental interest and also of practical importance, particularly in subject areas related to quantum information processing. We demonstrate a method applicable to optical systems in which single-mode filtering is used with only linear optical instruments to achieve quantum indistinguishability. Through ``heralded'' Hong-Ou-Mandel interference experiments we measure and quantify the improvement of indistinguishability between single photons generated via spontaneous four-wave mixing in optical fibers. The experimental results are in excellent agreement with predictions of a quantum-multimode theory we develop for such systems, without the need for any fitting parameter.",9,2.6755,5,1
https://openalex.org/W2949284821,https://doi.org/10.1126/science.364.6446.1147-g,Enhancing nanodiamond sensors,2019,article,T10478,Diamond and Carbon-based Materials Research,"Nanomaterials
The fluorescence and spin properties of nitrogen vacancy (NV) centers in nanodiamonds could make them useful sensors when linked to biomolecules. Although nanodiamonds with diameters of about 5 nanometers can be extracted from the products of closed-chamber detonation of explosives like trinitrotoluene, the number of spin-triplet (negatively charged) NV centers can be too low to ensure that each nanodiamond is active. Terada et al. show that irradiation of detonation nanodiamonds with a sufficient fluence of 2 mega–electron volt electrons can increase the number of negatively charged NV centers by a factor of 4. The irradiation process aggregated the nanodiamonds, but they were redispersed with boiling oxidizing acid.

ACS Nano 10.1021/acsnano.8b09383 (2019).",0,0.0,1,0
https://openalex.org/W1989568766,https://doi.org/10.1063/1.2838453,Step bunch assisted two dimensional ordering of In0.19Ga0.81As∕GaAs quantum dots on vicinal GaAs(001) surfaces,2008,article,T10022,Semiconductor Quantum Structures and Devices,"We have investigated the self-organized, step bunch assisted formation of In0.19Ga0.81As∕GaAs quantum dots in vertical superlattices consisting of one, four, eight, and ten periods. Samples were grown by molecular beam epitaxy on vicinal 2°A and 2°B GaAs(001) substrates. Those with miscut along the [11¯0] (2°B) exclusively show step bunches of an aspect ratio larger than 10 but without the formation of quantum dots. This highly linear pattern is improved during subsequent periods as proved by high resolution x-ray diffraction and grazing incidence diffraction. On the other hand, a miscut along the [110] (2°A) initially causes a crosslike pattern of step bunches, which finally becomes a two-dimensional arrangement of individual quantum dots.",7,0.465,6,2
https://openalex.org/W2151898101,https://doi.org/10.1016/j.jmr.2011.08.043,Residual dipolar coupling between quadrupolar nuclei under magic-angle spinning and double-rotation conditions,2011,article,T11809,Advanced NMR Techniques and Applications,,26,2.09,2,1
https://openalex.org/W2019090912,https://doi.org/10.1088/0256-307x/24/9/008,An Efficient Scheme for Implementing an <i>N</i> -Qubit Toffoli Gate with Superconducting Quantum-Interference Devices in Cavity QED,2007,article,T10020,Quantum Information and Cryptography,"An alternative approach is proposed to realize an n-qubit Toffoli gate with superconducting quantum-interference devices (SQUIDs) in cavity quantum electrodynamics (QED). In the proposal, we represent two logical gates of a qubit with the two lowest levels of a SQUID while a higher-energy intermediate level of each SQUID is utilized for the gate manipulation. During the operating process, because the cavity field is always in vacuum state, the requirement on the cavity is greatly loosened and there is no transfer of quantum information between the cavity and SQUIDs.",3,0.9673,5,1
https://openalex.org/W1982810590,https://doi.org/10.1063/1.1897850,Long-wavelength light emission and lasing from InAs∕GaAs quantum dots covered by a GaAsSb strain-reducing layer,2005,article,T10022,Semiconductor Quantum Structures and Devices,"The effects of a thin GaAsSb strain-reducing layer on the optical properties of InAs∕GaAs quantum dots (QDs) are investigated. With increasing Sb composition, the room-temperature emission wavelength of the InAs QDs increases to ∼1.43μm. For Sb compositions above 14%, the system becomes Type II, with a decrease of the photoluminescence (PL) efficiency. At a composition of 14%, the room-temperature PL efficiency is maximized, and is also significantly enhanced when compared to that of conventional InGaAs-capped InAs QDs grown under the same conditions. Room-temperature ground-state lasing at 1.292μm is demonstrated for an InAs∕GaAsSb∕GaAs structure.",127,4.935,9,1
https://openalex.org/W2020938240,https://doi.org/10.1063/1.3505358,Ultrafast electrical charging and discharging of a single InGaAs quantum dot,2010,article,T10022,Semiconductor Quantum Structures and Devices,"We report on ultrafast control of the charge state of a single InGaAs quantum dot in a charge-tunable p-i-n diode structure. Focused ion beam etching is employed to decrease the capacitance of the device to enable radio frequency operation. A time-resolved photoluminescence technique is demonstrated that allows monitoring the charge state with a time-resolution which is limited only by the radiative lifetime of the charged and neutral exciton, respectively. Experimental data show that the charge state can be manipulated on time scales shorter than the radiative lifetime of approximately 1.4 ns.",5,0.4318,5,1
https://openalex.org/W2118670269,https://doi.org/10.1063/1.2200876,Efficient stimulated Raman pumping for quantum state resolved surface reactivity measurements,2006,article,T11111,Spectroscopy and Laser Applications,"We describe the use of stimulated Raman pumping in a molecular beam to perform quantum state resolved gas-surface reactivity measurements for molecules prepared in totally symmetric vibrational states. Vibrational states of homonuclear diatomics as well as totally symmetric vibrations of polyatomic molecules cannot be prepared by direct infrared excitation but are accessible through stimulated Raman pumping by two laser fields when the difference between the incident laser frequencies matches the vibration. We generate a suitable resonant pair of high-energy pump and Stokes laser beams in an injection seeded Raman amplifier filled with the sample gas and equipped with internal gas recirculation. The ability to partially saturate the Raman pumping process in the molecular beam is used to quantify the fraction of vibrationally excited molecules in the irradiated volume, which is needed for quantitative reactivity measurements. We illustrate the method with state resolved reactivity measurements for CH4, prepared in its symmetric C–H stretch vibration on a Ni(100) single crystal surface.",20,0.7044,5,1
https://openalex.org/W2129010361,https://doi.org/10.1016/j.jcrysgro.2006.11.101,Growth of InAs bilayer quantum dots for long-wavelength laser emission on GaAs,2007,article,T10022,Semiconductor Quantum Structures and Devices,,23,2.0107,4,2
https://openalex.org/W4390964664,https://doi.org/10.1038/s41467-023-44651-8,Giant optical polarisation rotations induced by a single quantum dot spin,2024,article,T10020,Quantum Information and Cryptography,"In the framework of optical quantum computing and communications, a major objective consists in building receiving nodes implementing conditional operations on incoming photons, using a single stationary qubit. In particular, the quest for scalable nodes motivated the development of cavity-enhanced spin-photon interfaces with solid-state emitters. An important challenge remains, however, to produce a stable, controllable, spin-dependent photon state, in a deterministic way. Here we use an electrically-contacted pillar-based cavity, embedding a single InGaAs quantum dot, to demonstrate giant polarisation rotations induced on reflected photons by a single electron spin. A complete tomography approach is introduced to extrapolate the output polarisation Stokes vector, conditioned by a specific spin state, in presence of spin and charge fluctuations. We experimentally approach polarisation states conditionally rotated by [Formula: see text], π, and [Formula: see text] in the Poincaré sphere with extrapolated fidelities of (97 ± 1) %, (84 ± 7) %, and (90 ± 8) %, respectively. We find that an enhanced light-matter coupling, together with limited cavity birefringence and reduced spectral fluctuations, allow targeting most conditional rotations in the Poincaré sphere, with a control both in longitude and latitude. Such polarisation control may prove crucial to adapt spin-photon interfaces to various configurations and protocols for quantum information.",10,3.193,12,1
https://openalex.org/W2152609484,https://doi.org/10.1109/icton.2011.5971138,Active III&amp;#x2013;V semiconductor photonic crystal waveguides,2011,article,T10666,Photonic Crystals and Applications,"We experimentally demonstrate enhanced amplified spontaneous emission in a quantum well III-V semiconductor photonic crystal waveguide slab. The effect is described by enhanced light matter interaction with the decrease of the group velocity. These are promising results for future compact devices for terabit/s communication, such as miniaturised semiconductor optical amplifiers and mode-locked lasers.",1,0.2182,7,1
https://openalex.org/W2080555372,https://doi.org/10.1103/physrevb.72.214508,Maximally entangled states of two flux qubits in a microwave cavity,2005,article,T10020,Quantum Information and Cryptography,"The quantum dynamics of two superconducting flux qubits in the presence of a nonclassical microwave field of a resonant cavity is investigated. We propose a quantum computing scheme, based on the sequential interaction of the Josephson qubits with the field mode, by which it is possible to generate ``on demand'' maximally entangled states of the two qubits. The effects of cavity losses on the system dynamics are carefully taken into account.",20,4.1137,2,1
https://openalex.org/W2915658979,https://doi.org/10.1088/2058-9565/ab0ca8,Development of transmon qubits solely from optical lithography on 300 mm wafers,2019,article,T10020,Quantum Information and Cryptography,"Abstract Qubit information processors are increasing in footprint but currently rely on e-beam lithography for patterning the required Josephson junctions (JJs). Advanced optical lithography is an alternative patterning method, and we report on the development of transmon qubits patterned solely with optical lithography. The lithography uses 193 nm wavelength exposure and 300 mm large silicon wafers. Qubits and arrays of evaluation JJs were patterned with process control which resulted in narrow feature distributions: a standard deviation of 0.78% for a 220 nm linewidth pattern realized across over half the width of the wafers. Room temperature evaluation found a 2.8%–3.6% standard deviation in JJ resistance in completed chips. The qubits used aluminum and titanium nitride films on silicon substrates without substantial silicon etching. T 1 times of the qubits were extracted at 26–27 μ s, indicating a low level of material-based qubit defects. This study shows that large wafer optical lithography on silicon is adequate for high-quality transmon qubits, and shows a promising path for improving many-qubit processors.",12,1.156,24,1
https://openalex.org/W345022195,,Calculations the Dresselhaus effect of the electron spin relaxation momentum time in a GaAs cylindrical quantum dots: Including ionic strain,2010,article,T10022,Semiconductor Quantum Structures and Devices,,0,0.0,1,0
https://openalex.org/W1495714532,,"Quantum Dot Day 2011, January 10 , Bristol",2011,article,T10022,Semiconductor Quantum Structures and Devices,,0,0.0,2,0
https://openalex.org/W3016234226,https://doi.org/10.1021/acsphotonics.0c00233,Plasmon-Mediated Coherent Superposition of Discrete Excitons under Strong Exciton–Plasmon Coupling in Few-Layer MoS<sub>2</sub> at Room Temperature,2020,article,T12612,Strong Light-Matter Interactions,"We demonstrate room temperature coherent hybridization of the A- and B-excitons in few-layer MoS2, mediated by simultaneous strong coupling to surface plasmon polaritons. Few-layer MoS2 was placed on a tunable plasmonic structure and the system’s dispersion was measured by tuning the plasmon energy across the exciton energies. Strong coupling was observed as double Rabi splitting at the A- and B-excitons of 81 and 93 meV, respectively. A coupled harmonic oscillator model sheds light on the nature of the interaction, revealing a quantum superposition of the A- and B-excitons, mediated by the plasmon interaction. This observation suggests the possibility of room temperature intra- or intervalley quantum information transport and/or spin entanglement. The experiment confirms a previous theoretical prediction of room temperature exciton–exciton hybridization in two-dimensional MoS2. Further, through modeling we find that room temperature strong coupling is a general phenomenon among two-dimensional transition metal dichalcogenide exciton–plasmon systems.",23,1.8077,5,1
https://openalex.org/W1968783805,https://doi.org/10.1016/j.physe.2003.08.067,Energy relaxation of magnetically confined electrons in quantum cascade lasers,2003,article,T11111,Spectroscopy and Laser Applications,,0,0.0,6,2
https://openalex.org/W2194665063,https://doi.org/10.1016/j.optcom.2015.10.052,Fabricating third-order nonlinear optical susceptibility of impurity doped quantum dots in the presence of Gaussian white noise,2015,article,T10022,Semiconductor Quantum Structures and Devices,,14,2.6375,4,1
https://openalex.org/W2132439375,https://doi.org/10.1088/0957-4484/20/46/465707,Cosserat curve model for superelasticity of helices,2009,article,T11449,Mechanical and Optical Resonators,"Superelasticity behavior of helices has been the focus of recent research in micro-/nano-engineering, while the traditional Kirchhoff rod model restricts itself in the bending and torsion conditions. With the aid of the concept of a Cosserat curve, a novel theoretical basis has been established for statics and dynamics of helices with essential extension and shear, which is able to quantitatively analyze the superelastic mechanical properties. Except for a good agreement with the experimental observation, numerical solutions have shown that we cannot only predict two important properties of the superelasticity characteristics: the breaking force and the stretch of the coil wire under the axial loading, but also precisely describe and explain the Hooke’s constant and torque in the entire stretching and breaking processes. The present work has provided useful information for the future experimental investigation on superelasticity as well as its application in meta-/quantum devices. (Some figures in this article are in colour only in the electronic version) As three-dimensional structures of helicity and periodicity,",15,1.1481,2,1
https://openalex.org/W1998257821,https://doi.org/10.1016/j.jlumin.2014.02.036,Optical anisotropy and diamagnetic energy shifts in InP–GaP lateral quantum wells,2014,article,T10022,Semiconductor Quantum Structures and Devices,,6,1.0983,8,2
https://openalex.org/W1979229374,https://doi.org/10.1103/physreva.81.043844,Entanglement of arbitrary superpositions of modes within two-dimensional orbital angular momentum state spaces,2010,article,T10490,Orbital Angular Momentum in Optics,"We use spatial light modulators (SLMs) to measure correlations between arbitrary superpositions of orbital angular momentum (OAM) states generated by spontaneous parametric down-conversion. Our technique allows us to fully access a two-dimensional OAM subspace described by a Bloch sphere, within the higher-dimensional OAM Hilbert space. We quantify the entanglement through violations of a Bell-type inequality for pairs of modal superpositions that lie on equatorial, polar, and arbitrary great circles of the Bloch sphere. Our work shows that SLMs can be used to measure arbitrary spatial states with a fidelity sufficient for appropriate quantum information processing systems.",81,5.4245,8,1
https://openalex.org/W2325054427,https://doi.org/10.1557/proc-788-l11.40,Virtual Synthesis of Sub-Nanoscale Materials With Prescribed Physical Properties,2003,article,T10022,Semiconductor Quantum Structures and Devices,,3,0.5105,4,1
https://openalex.org/W3205615720,https://doi.org/10.2139/ssrn.3622651,Characterization of Hydrogenated Dentin Components by Advanced &lt;sup&gt;1&lt;/sup&gt;H Solid-State NMR Experiments,2020,article,T11809,Advanced NMR Techniques and Applications,,0,,3,1
https://openalex.org/W2738140119,https://doi.org/10.1103/physreva.96.053816,Phase locking of a semiconductor double-quantum-dot single-atom maser,2017,article,T10022,Semiconductor Quantum Structures and Devices,"We experimentally study the phase stabilization of a semiconductor double-quantum-dot (DQD) single-atom maser by injection locking. A voltage-biased DQD serves as an electrically tunable microwave frequency gain medium. The statistics of the maser output field demonstrate that the maser can be phase locked to an external cavity drive, with a resulting phase noise $\mathcal{L}=\ensuremath{-}99$ dBc/Hz at a frequency offset of 1.3 MHz. The injection locking range, and the phase of the maser output relative to the injection locking input tone are in good agreement with Adler's theory. Furthermore, the electrically tunable DQD energy level structure allows us to rapidly switch the gain medium on and off, resulting in an emission spectrum that resembles a frequency comb. The free running frequency comb linewidth is $\ensuremath{\approx}8$ kHz and can be improved to less than 1 Hz by operating the comb in the injection locked regime.",10,0.183,4,1
https://openalex.org/W4400537358,https://doi.org/10.1063/5.0208110,A 4–8 GHz kinetic inductance traveling-wave parametric amplifier using four-wave mixing with near quantum-limited noise performance,2024,article,T10020,Quantum Information and Cryptography,"Kinetic inductance traveling-wave parametric amplifiers (KI-TWPAs) have a wide instantaneous bandwidth with a near quantum-limited noise performance and a relatively high dynamic range. Because of this, they are suitable readout devices for cryogenic detectors and superconducting qubits and have a variety of applications in quantum sensing. This work discusses the design, fabrication, and performance of a KI-TWPA based on four-wave mixing in a NbTiN microstrip transmission line. This device amplifies a signal band from 4 to 8 GHz without contamination from image tones, which are produced in a separate higher frequency band. The 4–8 GHz band is commonly used to read out cryogenic detectors, such as microwave kinetic inductance detectors and Josephson junction-based qubits. We report a measured maximum gain of over 20 dB using four-wave mixing with a 1 dB gain compression point of −58 dBm at 15 dB of gain over that band. The bandwidth and peak gain are tunable by adjusting the pump-tone frequency and power. Using a Y-factor method, we measure an amplifier-added noise of 0.5 ≤ Nadded ≤ 1.5 photons from 4.5 to 8 GHz.",18,5.7474,6,1
https://openalex.org/W2103370747,https://doi.org/10.1016/j.crci.2009.05.001,Detection and use of small J couplings in solid state NMR experiments,2009,article,T11809,Advanced NMR Techniques and Applications,"Over the years, solid-state nuclear magnetic resonance (NMR) spectroscopy has become an important tool for materials science, with its local point of view that is highly complementary to the structural information provided by diffraction techniques, electron microscopy, and molecular modeling, for example. As compared to other interactions that determine the spectral expression of the local structure of the observed nuclei in solid-state NMR experiments, the J coupling, characteristic of the chemical bonds, has received far less attention because of its being generally so small that it is masked in the line-widths. Nevertheless, the scalar or isotropic part of J couplings, which is not averaged by magic angle spinning (MAS), can be evidenced in many systems, and exploited to unequivocally characterize the extended coordination sphere. In a first step we describe the different experiments that permit the observation and the measurement of J couplings, even when dealing with quadrupolar nuclei. We then present new and recently-published results that illustrate the state of the art of NMR methodologies based on or intended for measuring J couplings in solids and the novel perspectives that they open towards better understanding of ordered and disordered materials at the subnanometric scale, a length scale that is otherwise difficult to access.",66,3.1656,10,1
https://openalex.org/W2212828251,https://doi.org/10.1103/physrevlett.116.037402,Electronic Enhancement of the Exciton Coherence Time in Charged Quantum Dots,2016,article,T10022,Semiconductor Quantum Structures and Devices,"Minimizing decoherence due to coupling of a quantum system to its fluctuating environment is at the forefront of quantum information and photonics research. Nature sets the ultimate limit, however, given by the strength of the system's coupling to the electromagnetic field. Here, we establish the ability to electronically control this coupling and enhance the optical coherence time of the charged exciton transition in quantum dots embedded in a photonic waveguide. By manipulating the electronic wave functions through an applied lateral electric field, we increase the coherence time from ∼1.4 to ∼2.7 ns. Numerical calculations reveal that longer coherence arises from the separation of charge carriers by up to ∼6 nm, which leads to a 30% weaker transition dipole moment. The ability to electronically control the coherence time opens new avenues for quantum communication and novel coupling schemes between distant qubits.",23,3.5208,6,1
https://openalex.org/W823834339,https://doi.org/10.12693/aphyspola.119.630,Deep Levels Induced by CdTe/ZnTe Quantum Dots,2011,article,T10022,Semiconductor Quantum Structures and Devices,The electrical properties of the CdTe/ZnTe quantum dot system have been analyzed to identify deep-level defects related with the presence of quantum dots. The capacitance-voltage (C-V ) and deep level transient spectroscopy measurements were used to investigate the samples. A reference ZnTe sample (without dots) was also studied for comparison. Both samples were grown by molecular beam epitaxy technique on the n-type GaAs substrate. The quantum dots were formed by a Zn-induced reorganization of a thin CdTe layer. The presence of quantum dot formation was confirmed by micro-photoluminescence measurements. The deep level transient spectra for both samples are complex. In order to characterize individual contributions to the deep level transient spectra the latter have been simulated by separated Gaussian components The results of the deep level transient spectroscopy measurements yield the conclusion that the same defects are present in both materials but there is an increased concentration of the defects in the quantum dot structures. No deep level associated directly with the quantum dot confinement has been identified.,0,0.0,10,2
https://openalex.org/W4400089857,https://doi.org/10.1088/1555-6611/ad5981,Optimal convex approximations of qubit states under Pauli distance,2024,article,T10020,Quantum Information and Cryptography,"Abstract Utilizing the <mml:math xmlns:mml=""http://www.w3.org/1998/Math/MathML"" overflow=""scroll""> <mml:mrow> <mml:mrow> <mml:msub> <mml:mi>l</mml:mi> <mml:mn>1</mml:mn> </mml:msub> </mml:mrow> </mml:mrow> </mml:math> norm as the quantum state distance metric, we consider the Pauli distance of arbitrary target quantum states, that is, the optimal convex approximation of any qubit mixed states relative to the available state of pairs of eigenstates in three Pauli matrices. We get the complete analytical expressions for <mml:math xmlns:mml=""http://www.w3.org/1998/Math/MathML"" overflow=""scroll""> <mml:mrow> <mml:mrow> <mml:msub> <mml:mi>B</mml:mi> <mml:mn>1</mml:mn> </mml:msub> </mml:mrow> </mml:mrow> </mml:math> -distance, <mml:math xmlns:mml=""http://www.w3.org/1998/Math/MathML"" overflow=""scroll""> <mml:mrow> <mml:mrow> <mml:msub> <mml:mi>B</mml:mi> <mml:mn>2</mml:mn> </mml:msub> </mml:mrow> </mml:mrow> </mml:math> -distance and <mml:math xmlns:mml=""http://www.w3.org/1998/Math/MathML"" overflow=""scroll""> <mml:mrow> <mml:mrow> <mml:msub> <mml:mi>B</mml:mi> <mml:mn>3</mml:mn> </mml:msub> </mml:mrow> </mml:mrow> </mml:math> -distance. We determine the parameter range for the optimal approximation of each <mml:math xmlns:mml=""http://www.w3.org/1998/Math/MathML"" overflow=""scroll""> <mml:mrow> <mml:mrow> <mml:msub> <mml:mi>B</mml:mi> <mml:mn>2</mml:mn> </mml:msub> </mml:mrow> </mml:mrow> </mml:math> -distance in eight distinct scenarios. Furthermore, some trade-off relations about <mml:math xmlns:mml=""http://www.w3.org/1998/Math/MathML"" overflow=""scroll""> <mml:mrow> <mml:mrow> <mml:msub> <mml:mi>B</mml:mi> <mml:mn>2</mml:mn> </mml:msub> </mml:mrow> </mml:mrow> </mml:math> -distances are also studied.",1,0.3626,3,1
https://openalex.org/W2890551240,https://doi.org/10.1063/1.5045843,Improvement of single photon emission from InGaN QDs embedded in porous micropillars,2018,article,T10022,Semiconductor Quantum Structures and Devices,"In many InGaN/GaN single photon emitting structures, significant contamination of the single photon stream by background emission is observed. Here, utilizing InGaN/GaN quantum dots incorporated in mesoporous distributed Bragg reflectors (DBRs) within micropillars, we demonstrate methods for the reduction of this contamination. Using the resulting devices, autocorrelation measurements were performed using a Hanbury Brown and Twiss set-up, and thus, we report a working quantum dot device in the III-nitride system utilizing mesoporous DBRs. Uncorrected g(2)(0) autocorrelation values are shown to be significantly improved when excited with a laser at longer wavelengths and lower powers. Through this optimization, we report a g(2)(0) value from a blue-emitting InGaN/GaN quantum dot of 0.126 ± 0.003 without any form of background correction.",22,2.3833,7,1
https://openalex.org/W3028313131,,Increased Electrical Conductivity of Electron Transport Layer of InP Quantum Dot-Based Light-Emitting Diodes,2019,article,T10022,Semiconductor Quantum Structures and Devices,,0,0.0,3,0
https://openalex.org/W2049566016,https://doi.org/10.1063/1.2436633,Multidirectional observation of an embedded quantum dot,2007,article,T10022,Semiconductor Quantum Structures and Devices,"The authors succeeded in observing atomic scale images of undamaged single InAs quantum dots (QDs) embedded in the GaAs matrix using high resolution transmission electron microscope equipped with focused ion beam system. The QD can be viewed from multidirections, and a conclusive and comprehensible determination of the size and the shape anisotropy has been realized. Asymmetry of the structural properties has been confirmed between the [110] and [−110] crystal directions. The embedded QD is elongated along the [−110] axis. The strain-field pattern is also asymmetric according to the shape anisotropy. The results will enable the investigation of the exact structure anisotropy influencing the atomlike properties of QDs.",13,0.7564,6,1
https://openalex.org/W1499265816,https://doi.org/10.1063/1.3040255,ZnCdMgSe-Based Semiconductors for Intersubband Devices,2008,article,T10022,Semiconductor Quantum Structures and Devices,"This paper presents a review of recent results on the application of ZnCdMgSe‐based wide bandgap II‐VI compounds to intersubband devices such as quantum cascade lasers and quantum well infrared photodetectors operating in the mid‐infrared region. The conduction band offset of ZnCdSe/ZnCdMgSe quantum well structures was determined from contactless electroreflectance measurements to be as high as 1.12 eV. FT‐IR was used to measure intersubband absorption in multi‐quantum well structures in the mid‐IR range. Electroluminescence at 4.8 μm was observed from a quantum cascade emitter structure made from these materials. Preliminary results are also presented on self assembled quantum dots of CdSe on ZnCdMgSe, and novel quantum well structures with metastable binary MgSe barriers.",0,0.0,6,1
https://openalex.org/W4221156129,https://doi.org/10.1103/physreve.105.044120,Nonadiabatic coupled-qubit Otto cycle with bidirectional operation and efficiency gains,2022,article,T11520,Advanced Thermodynamics and Statistical Mechanics,"We study a quantum Otto cycle that uses a 2-qubit working substance whose Hamiltonian does not commute with itself at different times during unitary strokes. We investigate how the cycle responds to the loss of quantum adiabaticity when these strokes are operated with a finite duration. We find that qualitative features such as the possibility of counter-rotating cycles operating as heat engines, or a cycle efficiency that can increase with a decrease in the temperature difference between the baths, are resilient even to highly nonadiabatic strokes. However, cycle efficiency rapidly decreases, although it can still remain above the standard Otto value for small degrees of quantum nonadiabaticity.",15,1.8777,3,1
https://openalex.org/W2883877525,https://doi.org/10.22331/qv-2018-07-17-10,Sensing magnetic fields with diamonds and green laser light,2018,article,T10478,Diamond and Carbon-based Materials Research,"Nitrogen-Vacancy (NV) centres in diamonds have quantum properties that allow them to sense weak magnetic fields. This is relevant both for research and health care as diamond magnetometers have the potential of being both cheaper and less inva- sive than current methods. The measurements are usually done by giving the NV centres energy from green laser light and detecting red light that they then emit. In this paper, we give an introduction to that technique before explaining a new measurement method where we do not need to measure any red light but can just look at how much of the green laser light that the diamond absorbs",2,0.097,2,1
https://openalex.org/W2153001325,https://doi.org/10.1063/1.3571437,Deterministic nanoassembly of a coupled quantum emitter–photonic crystal cavity system,2011,article,T10666,Photonic Crystals and Applications,"Controlling the interaction of a single quantum emitter with its environment is a key challenge in quantum optics. Here, we demonstrate deterministic coupling of single nitrogen-vacancy (NV) centers to high-quality photonic crystal cavities. We preselect single NV centers and position their 50-nm-sized host nanocrystals into the mode maximum of photonic crystal S1 cavities with few-nanometer accuracy. The coupling results in a strong enhancement of NV center emission at the cavity wavelength.",92,10.9927,10,2
https://openalex.org/W2966493186,,Surprising transport phenomena in magnets,2019,article,T11804,Quantum many-body systems,"I will describe two examples of particularly striking transport phenomena in interacting magnetic materials. They both reveal the major role played by interactions in uncovering novel phenomena. The first example will be an analysis of recent experiments in which a half-quantized thermal Hall conductivity in the in-field quantum spin liquid (Ising anyon phase) candidate \alpha-RuCl3. I will demonstrate that, surprisingly, the quantization of \kappa_H appears only in the presence of strong enough electron-phonon scattering. The second part of my presentation will be about the discovery of a singular signal (less than 1-degree wide) in the angular magnetoresistance in the magnetic Weyl semimetal CeAlGe, and its interpretation in terms of spontaneous symmetry breaking in this strongly spin-orbit coupled system. While this is the first such observation of this phenomenon, it will be clear that it should in fact occur quite generally in small Fermi surface spin-orbit coupled systems.",0,0.0,1,1
https://openalex.org/W1971126185,https://doi.org/10.1126/science.1141243,An On-Demand Coherent Single-Electron Source,2007,article,T10020,Quantum Information and Cryptography,"We report on the electron analog of the single-photon gun. On-demand single-electron injection in a quantum conductor was obtained using a quantum dot connected to the conductor via a tunnel barrier. Electron emission was triggered by the application of a potential step that compensated for the dot-charging energy. Depending on the barrier transparency, the quantum emission time ranged from 0.1 to 10 nanoseconds. The single-electron source should prove useful for the use of quantum bits in ballistic conductors. Additionally, periodic sequences of single-electron emission and absorption generate a quantized alternating current.",520,29.9438,9,1
https://openalex.org/W4362673628,https://doi.org/10.1038/s41566-023-01187-z,Very-large-scale integrated quantum graph photonics,2023,article,T10020,Quantum Information and Cryptography,"Abstract Graphs have provided an expressive mathematical tool to model quantum-mechanical devices and systems. In particular, it has been recently discovered that graph theory can be used to describe and design quantum components, devices, setups and systems, based on the two-dimensional lattice of parametric nonlinear optical crystals and linear optical circuits, different to the standard quantum photonic framework. Realizing such graph-theoretical quantum photonic hardware, however, remains extremely challenging experimentally using conventional technologies. Here we demonstrate a graph-theoretical programmable quantum photonic device in very-large-scale integrated nanophotonic circuits. The device monolithically integrates about 2,500 components, constructing a synthetic lattice of nonlinear photon-pair waveguide sources and linear optical waveguide circuits, and it is fabricated on an eight-inch silicon-on-insulator wafer by complementary metal–oxide–semiconductor processes. We reconfigure the quantum device to realize and process complex-weighted graphs with different topologies and to implement different tasks associated with the perfect matching property of graphs. As two non-trivial examples, we show the generation of genuine multipartite multidimensional quantum entanglement with different entanglement structures, and the measurement of probability distributions proportional to the modulus-squared hafnian (permanent) of the graph’s adjacency matrices. This work realizes a prototype of graph-theoretical quantum photonic devices manufactured by very-large-scale integration technologies, featuring arbitrary programmability, high architectural modularity and massive manufacturing scalability.",189,31.4635,35,5
https://openalex.org/W2211290817,https://doi.org/10.1103/physreva.93.032101,Dynamical response theory for driven-dissipative quantum systems,2016,article,T10020,Quantum Information and Cryptography,"We discuss dynamical response theory of driven-dissipative quantum systems described by Markovian master equations generating semigroups of maps. In this setting thermal equilibrium states are replaced by nonequilibrium steady states, and dissipative perturbations are considered in addition to the Hamiltonian ones. We derive explicit expressions for the linear dynamical response functions for generalized dephasing channels and for Davies thermalizing generators. We introduce the notion of maximal harmonic response and compute it exactly for a single-qubit channel. Finally, we analyze linear response near dynamical phase transitions in quasifree open quantum systems. It is found that the effect of the dynamical phase transition shows up in a peak at the edge of the spectrum in the imaginary part of the dynamical response function.",36,7.9814,2,1
https://openalex.org/W2011420766,https://doi.org/10.1002/pssc.200777644,Influence of recapture on the emission statistics of short radiative lifetime quantum dots,2008,article,T10022,Semiconductor Quantum Structures and Devices,"Abstract Single photon emission is investigated for fast radiative quantum dots. A simple model including capture process shows that the probability that a second photon is emitted increases when decreasing the exciton radiative lifetime. This effect is experimentally demonstrated through photon correlation measurements on single GaAs quantum dots presenting various radiative lifetime. The same model is used to estimate the second order autocorrelation function for an InAs quantum dot experiencing strong Purcell effect. The calculation shows the limitations of using Purcell effect to realize efficient single photon sources. (© 2008 WILEY‐VCH Verlag GmbH &amp; Co. KGaA, Weinheim)",1,0.2314,12,1
https://openalex.org/W2094124713,https://doi.org/10.1109/jqe.2005.854131,Acceleration of gain recovery and dynamics of electrons in QD-SOA,2005,article,T10022,Semiconductor Quantum Structures and Devices,We propose a new method for reducing the patterning effect in quantum-dot semiconductor optical amplifier (QD-SOA) by using an additional light beam. A detailed theoretical analysis of the carrier dynamics in QD-SOA is presented. It is shown that the increase of the bias current only partially improves the QD-SOA temporal behavior. The additional light beam drastically reduces the patterning effect.,56,1.2227,3,1
https://openalex.org/W3131241643,https://doi.org/10.1016/s0034-4877(21)00015-x,Two-Qutrit Entangled f-Coherent States,2021,article,T10020,Quantum Information and Cryptography,,7,0.8388,3,1
https://openalex.org/W4292400114,https://doi.org/10.1063/5.0098561,The role of momentum conservation on the tunneling between a two-dimensional electron gas and self-assembled quantum dots,2022,article,T10022,Semiconductor Quantum Structures and Devices,"The electron tunneling rates between a two-dimensional electron gas (2DEG) and self-assembled InAs quantum dots are studied by applying a magnetic field perpendicular to the tunneling direction. For both the ground and the first excited states, the tunneling rate can be modified by a magnetic field. The field dependence of both the s and p state tunneling rates can be explained with a model, based on momentum matching between the Fermi surface of the 2DEG and the wave function of the quantum dots in momentum space. The results, together with the comparison between charging and discharging rates, provide insight into the filling sequence of the p-state electrons.",1,0.1529,9,2
https://openalex.org/W1985629504,https://doi.org/10.1103/physrevb.71.041301,Dynamics of the in-plane charge separation front in a two-dimensional electron-hole gas,2005,article,T10425,Cold Atom Physics and Bose-Einstein Condensates,We show both experimentally and theoretically that the recently observed optically induced in-plane charge separation in quantum well (QW) structures and the exciton ring emission pattern at this charge separation boundary have an extremely long lifetime. The oppositely charged carriers remain separated and provide a reservoir of excitons at their boundary with a persistent emission which lasts hundreds of microseconds (orders of magnitude longer than their recombination time) after the external excitation is removed. This long lifetime is due to an interplay between the slow in-plane carrier diffusion and slow carrier tunneling perpendicular to the QW plane.,15,0.987,5,1
https://openalex.org/W4282975211,https://doi.org/10.1103/physrevapplied.17.064031,Robust Spin Relaxometry with Fast Adaptive Bayesian Estimation,2022,article,T10478,Diamond and Carbon-based Materials Research,"Spin relaxometry with nitrogen-vacancy (N-$V$) centers in diamond offers a spectrally selective, atomically localized, and calibrated measurement of microwave-frequency magnetic noise, presenting a versatile probe for condensed-matter and biological systems. Typically, relaxation rates are estimated with curve-fitting techniques that do not provide optimal sensitivity, often leading to long acquisition times that are particularly detrimental in systems prone to drift or other dynamics of interest. Here we show that adaptive Bayesian estimation is well suited to this problem, producing dynamic relaxometry pulse sequences that rapidly find an optimal operating regime. In many situations (including the system we employ), this approach can speed the acquisition by an order of magnitude. We also present a four-signal measurement protocol that is robust to drifts in spin readout contrast, polarization, and microwave pulse fidelity while still achieving near-optimal sensitivity. The combined technique offers a practical, hardware-agnostic approach for a wide range of N-$V$ relaxometry applications.",13,0.9803,6,2
https://openalex.org/W2498092127,https://doi.org/10.1007/s00601-016-1138-5,Two-Electron Spherical Quantum Dot in a Magnetic Field,2016,article,T10022,Semiconductor Quantum Structures and Devices,"We investigate three-dimensional, two-electron quantum dots in an external magnetic field B. Due to mixed spherical and cylindrical symmetry the Schrödinger equation is not completely separable. Highly accurate numerical solutions, for a wide range of B, have been obtained by the expansion of wavefunctions in double-power series and by imposing on the radial functions appropriate boundary conditions. The asymptotic limit of a very strong magnetic field and the 2D approach have been considered. Ground state properties of the two-electron semiconductor quantum dots are investigated using both the 3D and 2D models. Theoretical calculations have been compared with recent experimental results.",12,0.8707,1,1
https://openalex.org/W2007428505,https://doi.org/10.1016/j.physletb.2012.01.001,Bremsstrahlung in dark matter annihilation,2012,article,T11090,Dark Matter and Cosmic Phenomena,,40,8.7949,3,1
https://openalex.org/W2570076590,,24aBK-4 The Strong Coupling of Intersubband Transition with LO Phonons in Quantum-well Phototransistors,2015,article,T11111,Spectroscopy and Laser Applications,,0,0.0,7,0
https://openalex.org/W1506168703,https://doi.org/10.1088/1674-1056/21/1/010301,Maximal and total skew information of three-qubit system obtained using nonlinear interaction models,2012,article,T10020,Quantum Information and Cryptography,"Both the maximal and the total skew information have been studied. For a three-qubit system implemented in three nonlinear interaction models, we give the exact state vector at any time t. Based on this, we give the maximal and the total skew information. It is found that they have the same form and their evolution periods are dependent on the energy difference between the ground state and the second excited state in these models. The maximal skew information is always in the (Sx, Sy) plane. We give the condition for the occurrence of |GHZ〉Sy, in which they can reach the extreme values of 9/4 and 15/4, respectively. In three different decoherence channels, two kinds of information and the concurrence are calculated. We find that the phenomenon of the concurrence of sudden death occurs, but the above two kinds of information do not die suddenly. In the phase-damping channel, the two kinds of information will not be lost completely.",2,0.4281,4,1
https://openalex.org/W2053941635,https://doi.org/10.1016/j.physe.2004.01.020,Structure and photoluminescence study of type-II GaAs quantum wires and dots grown on nano-faceted (311)A surface,2004,article,T10022,Semiconductor Quantum Structures and Devices,,3,0.7039,12,2
https://openalex.org/W2069131066,https://doi.org/10.1103/physrevlett.111.230502,Optimal Blind Quantum Computation,2013,article,T10020,Quantum Information and Cryptography,"Blind quantum computation allows a client with limited quantum capabilities to interact with a remote quantum computer to perform an arbitrary quantum computation, while keeping the description of that computation hidden from the remote quantum computer. While a number of protocols have been proposed in recent years, little is currently understood about the resources necessary to accomplish the task. Here, we present general techniques for upper and lower bounding the quantum communication necessary to perform blind quantum computation, and use these techniques to establish concrete bounds for common choices of the client's quantum capabilities. Our results show that the universal blind quantum computation protocol of Broadbent, Fitzsimons, and Kashefi, comes within a factor of 8/3 of optimal when the client is restricted to preparing single qubits. However, we describe a generalization of this protocol which requires exponentially less quantum communication when the client has a more sophisticated device.",85,13.3484,3,3
https://openalex.org/W2057548145,https://doi.org/10.1049/iet-ifs:20060124,EPR quantum key distribution protocols with potential 100% qubit efficiency,2007,article,T10020,Quantum Information and Cryptography,"Public discussion is a useful way for quantum key distribution protocols to reveal the presence of eavesdroppers. However, to ensure better security, nearly 50% of the transmitted qubits are spent in public discussions. Consequently, the original EPR quantum key distribution protocol provides only 25% qubit efficiency and Deng et al.&apos;s scheme delivers only 50% qubit efficiency. By bringing classical cryptographic techniques into the quantum arena, this work proposes EPR quantum key distribution protocols with a potential of 100% qubit efficiency.",56,1.877,2,1
https://openalex.org/W1593999724,https://doi.org/10.1103/physrevb.70.245313,Quantum master equations for the superconductor–quantum dot entangler,2004,article,T10020,Quantum Information and Cryptography,"The operation of a source of entangled electron spins, based on a superconductor and two quantum dots in parallel, is described in detail with the help of quantum master equations. These are derived including the main parasitic processes in a fully consistent and nonperturbative way, starting from a microscopic Hamiltonian. The average current is calculated, including the contribution of entangled and nonentangled pairs. The constraints on the operation of the device are illustrated by a calculation of the various charge state probabilities.",60,4.6213,3,1
https://openalex.org/W3100946439,,Entanglement generation in the ultra-strongly coupled Rabi model,2014,article,T10020,Quantum Information and Cryptography,"We analyze the dynamics of the quantum Rabi model for two qubits interacting through a common bosonic field (resonator), focusing on the generation and detection of maximally entangled states. We obtain analytical results for the unitary dynamics of this system in the slow-qubit (or degenerate) regime, considering ultra-strong coupling between qubits and resonator mode, for which the rotating wave approximation (RWA) is no longer applicable. We also numerically investigate the dynamics beyond the slow-qubit condition in order to study the validity of the model in the presence of less strict conditions.",4,0.422,3,0
https://openalex.org/W2051984345,https://doi.org/10.1007/s11433-013-5224-0,Robust and efficient quantum private comparison of equality with collective detection over collective-noise channels,2013,article,T10020,Quantum Information and Cryptography,,52,9.9538,5,1
https://openalex.org/W4294204654,https://doi.org/10.1016/j.cej.2022.138922,Multi-responsive graphene quantum dots hybrid self-healing structural color hydrogel for information encoding and encryption,2022,article,T10666,Photonic Crystals and Applications,,69,9.938,10,1
https://openalex.org/W4388933848,https://doi.org/10.1088/2058-9565/ad0f6f,Large-alphabet time-bin quantum key distribution and Einstein–Podolsky–Rosen steering via dispersive optics,2023,article,T10020,Quantum Information and Cryptography,"Abstract Quantum key distribution (QKD) has established itself as a groundbreaking technology, showcasing inherent security features that are fundamentally proven. Qubit-based QKD protocols that rely on binary encoding encounter an inherent constraint related to the secret key capacity. This limitation restricts the maximum secret key capacity to one bit per photon. On the other hand, qudit-based QKD protocols have their advantages in scenarios where photons are scarce and noise is present, as they enable the transmission of more than one secret bit per photon. While proof-of-principle entangled-based qudit QKD systems have been successfully demonstrated over the years, the current limitation lies in the maximum distribution distance, which remains at 20 km fiber distance. Moreover, in these entangled high-dimensional QKD systems, the witness and distribution of quantum steering have not been shown before. Here we present a high-dimensional time-bin QKD protocol based on energy-time entanglement that generates a secure finite-length key capacity of 2.39 bit/coincidences and secure cryptographic finite-length keys at 0.24 Mbits s −1 in a 50 km optical fiber link. Our system is built entirely using readily available commercial off-the-shelf components, and secured by nonlocal dispersion cancellation technique against collective Gaussian attacks. Furthermore, we set new records for witnessing both energy-time entanglement and quantum steering over different fiber distances. When operating with a quantum channel loss of 39 dB, our system retains its inherent characteristic of utilizing large-alphabet. This enables us to achieve a secure key rate of 0.30 kbits s −1 and a secure key capacity of 1.10 bit/coincidences, considering finite-key effects. Our experimental results closely match the theoretical upper bound limit of secure cryptographic keys in high-dimensional time-bin QKD protocols (Mower et al 2013 Phys. Rev. A 87 062322; Zhang et al 2014 Phys. Rev. Lett. 112 120506), and outperform recent state-of-the-art qubit-based QKD protocols in terms of secure key throughput using commercial single-photon detectors (Wengerowsky et al 2019 Proc. Natl Acad. Sci. 116 6684; Wengerowsky et al 2020 npj Quantum Inf. 6 5; Zhang et al 2014 Phys. Rev. Lett. 112 120506; Zhang et al 2019 Nat. Photon. 13 839; Liu et al 2019 Phys. Rev. Lett. 122 160501; Zhang et al 2020 Phys. Rev. Lett. 125 010502; Wei et al 2020 Phys. Rev. X 10 031030). The simple and robust entanglement-based high-dimensional time-bin protocol presented here provides potential for practical long-distance quantum steering and QKD with multiple secure bits-per-coincidence, and higher secure cryptographic keys compared to mature qubit-based QKD protocols.",29,4.8947,5,1
https://openalex.org/W1502419421,https://doi.org/10.1109/lfnm.2005.1553257,Ultra-thin quantum wells and fractional monolayer quantum dots of II-IV semiconductors for optoelectronic applicatons,2005,article,T10022,Semiconductor Quantum Structures and Devices,"CdTe/ZnTe and CdSe/ZnSe ultra-thin quantum wells (UTQW) with thickness of few monolayers present very strong excitonic emission and can be combined to cover the red-blue spectral range. They are grown by atomic layer epitaxy and the emission from thickness fluctuations can be completely avoided in many cases by choosing the appropriate growth parameters. Submonolayer coverage of CdSe produces fractional monolayer quantum dots (FMQD) which present very narrow blue emission, indicating a high degree of uniformity in size and shape. These UTQWs and FMQDs appear as promising candidates for the elaboration of red to blue light emission devices based on II-VI compounds",0,0.0,3,1
https://openalex.org/W2493961196,https://doi.org/10.1016/j.aop.2016.07.015,Implementing phase-covariant cloning in circuit quantum electrodynamics,2016,article,T10020,Quantum Information and Cryptography,,4,0.4434,2,1
https://openalex.org/W7144851478,,Dynamics of excitons in an InAs quantum dot at a telecom-band,2008,article,T10022,Semiconductor Quantum Structures and Devices,,0,0.0,2,0
https://openalex.org/W2047329574,https://doi.org/10.1007/s11433-013-5026-4,Geometric measure of quantum discord and the geometry of a class of two-qubit states,2013,article,T10020,Quantum Information and Cryptography,,5,1.4944,6,1
https://openalex.org/W1639867038,,An excitonic state-resolved approach to coherent phonons in quantum dots: generation and relaxation dynamics.,2008,article,T10022,Semiconductor Quantum Structures and Devices,,0,0.0,4,0
https://openalex.org/W2969241977,https://doi.org/10.1088/1367-2630/ab965e,Variational-state quantum metrology,2020,article,T10020,Quantum Information and Cryptography,"Abstract Quantum technologies exploit entanglement to enhance various tasks beyond their classical limits including computation, communication and measurements. Quantum metrology aims to increase the precision of a measured quantity that is estimated in the presence of statistical errors using entangled quantum states. We present a novel approach for finding (near) optimal states for metrology in the presence of noise, using variational techniques as a tool for efficiently searching the high-dimensional space of quantum states, which would be classically intractable. We comprehensively explore systems consisting of up to 9 qubits and find new highly entangled states that are not symmetric under permutations and non-trivially outperform previously known states up to a constant factor 2. We consider a range of environmental noise models; while passive quantum states cannot achieve a fundamentally superior scaling (as established by prior asymptotic results) we do observe a significant absolute quantum advantage. We finally outline a possible experimental setup for variational quantum metrology which can be implemented in near-term hardware.",93,6.9357,5,0
https://openalex.org/W1977881087,https://doi.org/10.1002/pssb.200303030,"Polarized electrons, trions, and nuclei in charged quantum dots",2003,article,T10022,Semiconductor Quantum Structures and Devices,"Abstract We have investigated spin polarization in GaAs quantum dots. Excitons and trions are polarized directly by optical excitation and studied through polarization of photoluminescence. Electrons and nuclei are polarized indirectly through subsequent relaxation processes. Polarized electrons are identified by the Hanle effect for exciton and trion photoluminescence, while polarized nuclei are identified through the Overhauser effect in individual charged quantum dots.",5,0.7551,4,2
https://openalex.org/W1999480296,https://doi.org/10.1063/1.1832750,Quantitative investigations of optical absorption in InAs∕InP(311)B quantum dots emitting at 1.55μm wavelength,2004,article,T10022,Semiconductor Quantum Structures and Devices,We have measured the absorbance of InAs∕InP quantum dots emitting at 1.55μm wavelength with a Fourier transform infrared spectrometer. The sample is a 12-stack InAs quantum dots grown by molecular beam epitaxy on (311)BInP oriented substrate. The absorption coefficient is estimated at 4400cm−1 for 3nm height and 5×1010cm−2 surface density. The absorption of the quantum dot structures is found to be similar to quantum well structures when the number of atoms considered absorbing is equivalent. The Stokes shift between the absorbance and the photoluminescence spectra is also investigated at 4 and 293K.,31,3.0083,10,1
https://openalex.org/W2148531732,https://doi.org/10.1088/0953-4075/42/6/065501,Suppression of error in qubit rotations due to Bloch–Siegert oscillation via the use of off-resonant Raman excitation,2009,article,T11414,Quantum optics and atomic interactions,"The rotation of a quantum bit (qubit) is an important step in quantum computation. The rotation is generally performed using a Rabi oscillation. In a direct two-level qubit system, if the Rabi frequency is comparable to its resonance frequency, the rotating wave approximation is not valid, and the Rabi oscillation is accompanied by the so-called Bloch–Siegert oscillation (BSO) that occurs at twice the frequency of the driving field. One implication of the BSO is that for a given interaction time and Rabi frequency, the degree of rotation experienced by the qubit depends explicitly on the initial phase of the driving field. If this effect is not controlled, it leads to an apparent fluctuation in the rotation of the qubit. Here we show that when an off-resonant lambda system is used to realize a two-level qubit, the BSO is inherently negligible, thus eliminating this source of potential error.",3,0.2283,3,1
https://openalex.org/W2328761140,https://doi.org/10.3390/isis-summit-vienna-2015-t9.3002,Quantum Information with Meaning Inside and Outside the Quantum,2015,article,T10622,Quantum Mechanics and Applications,"The ability to transfer information securely is essential in the modern world we live in. While the field of cryptography has long researched ways to do this, events over the last couple of years have brought the issues of secure information transfer squarely into the public eye. As a consequence, security and cryptography have quickly become issues of social and political importance, sparking debates about the values of privacy and the role of government. An essential ingredient of modern cryptography is the generation of randomness: cryptographic techniques are built on the premise that one has access to random bits. It is well known, however, that computers cannot produce algorithmically random sequences &ndash; that is, sequences with maximal algorithmic information content &ndash; but are doomed to produce &lsquo;pseudorandomness&rsquo;. This lack of randomness can be, and has been, exploited to compromise security, see [4]. The active field of quantum information theory has proposed approaches to provide supposedly &lsquo;unbreakable&rsquo; security by exploiting various quantum phenomena. This security unfortunately relies on assumptions about the nature of quantum measurements and their ability to generate random bits. Anton Zeilinger summarises this by postulating that the simplest quantum systems, qubit, can hold only one bit of classical information [6]. This foundational principle is in line with a wider paradigm shift to view quantum information as an extension of classical information, but it is nonetheless unsatisfying to simply postulate this principle, given its importance in determining the practical advantages of quantum information theory. In order to understand better how quantum mechanics can help generate meaningful information, we instead look to relate the outcomes of quantum measurements to formal properties of the system based on more fundamental assumptions. Indeed, we have shown that a) some of the postulated properties of quantum information follow from the formal structure of the theory and b) a purely formal notion of information within a quantum world can generate, via measurement, meaningful and useful information in the macroscopic world (for example, in cryptography). The indeterminism of quantum measurements can be formalised via the notion of value indefiniteness. To explain this concept, let us consider an arbitrary quantum system and ask whether the outcome of a measurement of any observable quantity A (such as the energy of the system, its angular momentum (spin), etc.) is determined prior to the measurement. If this is the case, then we say the observable is value definite with value v(A); otherwise, the observable is value indefinite and v(A) is undefined. Mathematically, one can reduce all observable quantities to so-called projection observables, which can only take the values 0 or 1. Thus, the question of whether the outcome of several measurements can be simultaneously determined in advance can be rephrased in terms of the information &lsquo;carried&rsquo; by a particular system in a definite quantum state. Classically, one expects that all quantities are determined in advance, and hence all observables are value definite. Quantum mechanically, however, the belief is that this is not the case, and the information content of quantum systems is limited. Formulating carefully the notion of value indefiniteness allows us to formalise the notion of (quantum) indeterminism; however, this doesn&rsquo;t help clarify whether quantum systems are indeed value indefinite or not. Staying in this formal framework, the Kochen-Specker theorem [5] provides a first positive result, showing that at least some observables must be value indefinite if one makes the assumption known as non-contextuality, which states that any definite values that exist must be independent of other compatible measurements that may or may not be performed on the system. Under the same assumption, this theorem can be strengthened to show that only one single observable can have the definite value 1 (see [2]). Furthermore, only observables that can be measured simultaneously with this single one can have the definite value 0; the rest must all be value indefinite. Since the preparation of a system involves precisely ensuring that, usually via measurement, the system is in a definite state with respect to some desired observable, this result shows that no other incompatible observable can be value definite. That is, preparing a system in a definite state by making the &lsquo;preparation&rsquo; observable value definite specifies completely the information content of the quantum system. This is an example of syntactical quantum information acquiring meaning at the level of the quantum itself. Can the syntactical information at the level of the quantum generate meaning outside the quantum, that is, at the macroscopic level? The results cited above hold in the Hilbert-space framework of quantum mechanics and are formulated only in terms of a syntactical notion of information. Their real importance becomes evident when one interprets them in the context of quantum measurements. Specifically, if we prepare a quantum system in a known state, they allow us to &lsquo;locate&rsquo; observables which we can measure, but which are value indefinite; that is, observables whose measurement results are not specified by any pre-existing property of the quantum system. Furthermore, with respect to a mathematical model of unpredictability which we developed in [3], the results of these measurements can be shown to be absolutely unpredictable. In this way we get a mathematical explanation and justification of the largely accepted intuition that quantum mechanics is inherently unpredictable, and that this unpredictability arises from the phenomenon of indefiniteness within the quantum world. Furthermore, if one considers a hypothetical infinite sequence generated by the repeated measurement of a quantum value indefinite observable, one can prove that these sequences must be strongly incomputable, technically &lsquo;bi-immune&rsquo; [1]. Such sequences cannot be generated by any Turing machine or classical computer, showing that value indefiniteness leads to a clear classical/quantum split in a purely algorithmic context. Importantly, bi-immunity is a property of observed, macroscopic quantities, quite separate from the quantum framework in which the value indefiniteness is formalised. This form of macroscopic meaning created from the lack of syntactic information is precisely the scenario that quantum random number generators try to create, and which is essential for the development and certification of quantum cryptographic systems. The fact that the macroscopic information created goes beyond anything classically obtainable serves as a valuable practical resource, outside of and removed from the quantum formalism. To conclude, quantum information creates meaning within the quantum and via measure- ment, the lack of information within the quantum, creates meaning and valuable information at the macroscopic level. Acknowledgments The second author thanks Prof. S. Marcus for useful conversations on quantum information theory. This work was supported in part by Marie Curie FP7-PEOPLE-2010-IRSES Grant RANPHYS. References and Notes Abbott, A.A.; Calude, C.S.; Svozil, K. Strong Kochen-Specker theorem and incomputability of quantum randomness. Physical Review A 2012, 86, 062109. Abbott, A.A.; Calude, C.S.; Svozil, K. Value-indefinite observables are almost everywhere. Physical Review A 2013, 89, 032109. Abbott, A.A.; Calude, C.S.; Svozil, K. On the unpredictability of individual quantum measurement outcomes. CDMTCS Research Report 2014, 458. Calude, C.S. Quantum randomness &amp; cryptology. CyberTalk 2013, 3, 42&ndash;43. Kochen, S.; Specker, E. The problem of hidden variables in quantum mechanics. Journal of Mathematics and Mechanics 1967, 17, 59&ndash;87. Zeilinger, A. A foundational principle for quantum mechanics. Foundations of Physics 1999, 29(4),631&ndash;643.",0,0.0,3,3
https://openalex.org/W2316703819,https://doi.org/10.1088/1751-8121/aa5194,Spin flip of multiqubit states in discrete phase space,2017,article,T10020,Quantum Information and Cryptography,"Time reversal and spin flip are discrete symmetry operations of substantial import to quantum information and quantum computation. Spin flip arises in the context of separability, quantification of entanglement and the construction of Universal NOT gates. The present work investigates the relationship between the quantum state of a multiqubit system represented by the Discrete Wigner Function (DWFs) and its spin-flipped counterpart. The two are shown to be related through a Hadamard matrix that is independent of the choice of the quantum net used for the tomographic reconstruction of the DWF. These results would be of interest to cases involving the direct tomographic reconstruction of the DWF from experimental data and in the analysis of entanglement related properties purely in terms of the Discrete Wigner function.",2,0.4154,2,1
https://openalex.org/W1977088955,https://doi.org/10.1016/j.ssc.2005.02.008,Estimation of built-in dipole moment in InAs quantum dots,2005,article,T10022,Semiconductor Quantum Structures and Devices,,4,0.0,6,1
https://openalex.org/W44969472,,"Resonances, dissipation and decoherence in exotic and artificial atoms",2010,article,T10425,Cold Atom Physics and Bose-Einstein Condensates,"There are several reasons why exotic and artificial atoms attract the interest of different scientific communities.In exotic atoms, matter and antimatter can coexist for surprisingly long times. Thus, they present a unique natural laboratory for high precision antimatter studies. In artificial atoms, electrons can be confined in an externally controlled way. This aspect is crucial, as it opens new possibilities for high precision measurements and also makes artificial atoms promising potential candidates for qubits, i.e. the essential bricks for quantum computation.The first part of the thesis presents theoretical studies of resonant states in antiprotonic atoms and spherical two-electron quantum dots, where well established techniques, frequently used for conventional atomic systems, can be applied after moderate modifications. In the framework of Markovian master equations, it is then demonstrated that systems containing resonant states can be approached as open systems in which the resonance width determines the environmental coupling. The second part of the thesis focuses on possible quantum computational aspects of two kinds of artificial atoms, quantum dots and Penning traps. Environmentally induced decoherence, the main obstacle for a practical realization of a quantum computer based on these devices, is studied within a simple phenomenological model. As a result, the dependence of the decoherence timescales on the temperature of the heat bath and environmental scattering rates is obtained.",0,0.0,1,0
https://openalex.org/W3208483362,,Engineered semiconductor quantum dots for quantum photonics,2018,article,T10666,Photonic Crystals and Applications,,0,0.0,1,0
https://openalex.org/W2100742478,https://doi.org/10.11113/mjfas.v4n2.54,Structures And Bandgaps Of Small Range Gallium Arsenide Nanocluster,2014,article,T10022,Semiconductor Quantum Structures and Devices,"There is currently a lot of excitement about Gallium Arsenide nanoclusters due in part to the prediction that smallenough GaxAsy clusters will act as “quantum dot” whose bandgaps can be tuned by varying the cluster size. Small range GaAs clusters ( x + y /10) were studied by using first principles calculation where structural properties and bandgap were investigated. We obtained the results of bandgap which are larger than the simulated bandgap of bulk GaAs. In this paper, we discuss the effect of GaAs cluster size to the energy bandgap.",2,0.2173,3,1
https://openalex.org/W2123481220,https://doi.org/10.1557/proc-0891-ee10-31,Comparison of Lasing Characteristics of GaInNAs Quantum Dot Lasers and GaInNAs Quantum Well Lasers,2005,article,T10022,Semiconductor Quantum Structures and Devices,,0,0.0,3,1
https://openalex.org/W3145208395,,Current Status of Efforts for High Conversion Efficiency of NV Center in Diamond,2021,article,T10478,Diamond and Carbon-based Materials Research,,0,0.0,1,0
https://openalex.org/W1873699227,https://doi.org/10.1109/drc.1994.1009440,Quantum cascade laser: a unipolar intersubband semiconductor laser operating at 125 K,2005,article,T11111,Spectroscopy and Laser Applications,"A new semiconductor injection laser (Quantum Cascade Laser) which differs in a fundamental way fiom diode lasers has been demonstrated. It relies on only one type of carrier (it is a unipolar semiconductor laser), and on electronic transitions between conduction band energy levels of quantum wells. Such intersubband lasers were originally proposed 25 years ago, but despite considerable effort thip ;s the first structure to achieve laser action. The present device operates at a wavelength of 4.26 microns, but since the wavelength is entirely determined by quantum confinement, it can be tailored from the mid-infrared to the submillimeter region using the same heterostructure material. Electrons streaming down a potential staircase sequentially emit photons at the steps. The latter consist of coupled quantum wells in which population inversion between discrete conduction band excited states is achieved in a 4-level atomic like laser scheme using tunneling injection. The AlInAs/GaInAs structure comprises 25 stages, each consisting of a graded gap n-type injection layer and a three coupled-well active region, cladded by waveguiding layers. The undoped active region includes 0.8 nm and 3.5 nm thick GaInAs wells separated by 3.5 nm AlInAs barriers. The reduced spatial overlap between the states of the laser transition and the strong tunnel-coupling to a nearby 2.8 nm GaInAs well ensure population inversion. A dramatic narrowing of the emission spectrum and attendant order of magnitude increase of the optical power above a current threshold = 10 kA/cm2 provide direct evidence of laser action. Powers = 20 mW in pulsed operation have been obtained at 80 K. Operating temperatures up to 125 K have been achieved with 5 mW of power. An outstanding feature of this laser is that the gain is much less sensitive to temperature than conventional semiconductor lasers. A detailed study of the temperature dependence of the threshold indicates a To = 125 K. In addition, the intrinsic linewidth of these lasers is expected to be Schawlow-Townes limited, similar to atomic lasers, without the linewidth enhancement factor typical of diode lasers. For a preliminary account of the operation of this laser at 10 K see Ref. 2.",0,0.0,7,1
https://openalex.org/W2980451213,https://doi.org/10.1109/cleoe-eqec.2019.8871672,Spectral Properties of Vacuum Energy and Spontaneous Emission in Fabry-Perot Micro-/Nano-Resonators,2019,article,T11449,Mechanical and Optical Resonators,"Summary form only given. It is often assumed that spontaneous emission by an emitter placed inside a Fabry-Perot resonator into one of the longitudinal resonator modes occurs with the spectral shape of that mode, because it is triggered by a vacuum photon that has the same spectral shape as the resonator mode. More generally, broadband luminescence by many such emitters would then have to occur with the spectral shape of the Airy distribution of the Fabry-Perot resonator [1]. The assumption is incorrect in several respects. (i) The uncertainty principle for energy and time predicts that a vacuum photon at 1 μm wavelength survives approx. τ = 1 fs, i.e., it travels a hundred nanometers, shorter than the length of most optical resonators, except for nano-resonators. Consequently, it does not experience interference after one round trip, hence vacuum energy should occur as white light. (ii) Spontaneous emission typically occurs over a time that is much longer than one resonator-round-trip time [2]. If the emission time were infinite, then white-light vacuum energy would induce spontaneous emission that establishes the Airy distribution, because the emission interferes with itself over an infinite number of round trips. (iii) If vacuum energy resembled the spectral properties of the mode, the spectral distribution would be narrower. (iv) When also considering the finite emission lifetime, we find surprising relations between different resonator parameters. We investigate a single emitter (e.g. rare-earth ion, quantum dot) with a lifetime r inside a resonator of length t and mirror reflectivities R1 = R2 = R, triggered by white-light vacuum energy. The electric field is modelled as a superposition of plane waves emitted at integer multiples of the round-trip time. We calculate the amplitude of the newly emitted wave, taking into account the loss of energy of the emitter, and calculate the normalized spectral-intensity profile. For a sufficient number of round trips, we find convergence and calculate the FWHM linewidth A v. The results for different ratios of Liz and different R are shown in Fig. 1 The position on the x-axis for different combinations of emitters and resonator lengths is outlined in Table 1.",0,0.0,2,1
https://openalex.org/W4360610498,https://doi.org/10.1103/physreva.107.032617,Angle-robust two-qubit gates in a linear ion crystal,2023,article,T10020,Quantum Information and Cryptography,"In trapped-ion quantum computers, two-qubit entangling gates are generated by applying spin-dependent force which uses phonons to mediate interaction between the internal states of the ions. To maintain high-fidelity two-qubit gates under fluctuating experimental parameters, robust pulse-design methods are applied to remove the residual spin-motion entanglement in the presence of motional mode-frequency drifts. Here we propose an improved pulse-design method that also guarantees the robustness of the two-qubit rotation angle against uniform mode-frequency drifts by concatenating pulses with opposite sensitivity of the angle to mode-frequency drifts. We experimentally verify significantly improved robustness of the rotation angle against uniform mode-frequency drifts, as well as observe an improvement in gate fidelity from 97.84(10)% to 98.11(11)%, compared to a single frequency-modulated pulse.",12,2.0048,7,1
https://openalex.org/W4362664131,https://doi.org/10.1038/s41566-023-01190-4,Exact solution for the quantum and private capacities of bosonic dephasing channels,2023,article,T10020,Quantum Information and Cryptography,,29,4.4306,2,3
https://openalex.org/W2186999335,,Dephasing oftheLH-HHexciton Ramancoherence inGaAs quantumwells: distinguishing between phononandcarrier scattering,2005,article,T11414,Quantum optics and atomic interactions,"Three-beam four-wave mixing shows anti-correlated scattering ofHHandLHexcitons inGaAs/AlGaAs quantum wells, suggesting that exciton-phonon scattering dominates theexciton dephasing. Thecorrelation increases athigher excitation densities. ©2005Optical Society ofAmerica OCIScodes: (320.7130) Ultrafast processes incondensed matter; (190.4380) Nonlinear optics, four-wave mixing; (190.5970) Semiconductor nonlinear optics including MQW;(190.7110) Ultrafast nonlinear optics",0,0.0,3,0
https://openalex.org/W2883388092,https://doi.org/10.3390/app8071179,Coherent Optical Field Manipulation and Optical Information Processing Based on Electromagnetically-Induced Transparency Effect in Pr3+:Y2SiO5 Crystal,2018,article,T11414,Quantum optics and atomic interactions,"We reviewed the recent progress in coherent manipulation on light fields based on the electromagnetically-induced transparency (EIT) effect in Pr3+-doped Y2SiO5 crystal. The results show that, on one hand, the atomic coherence grating, formed when the light pulse is stored in Pr3+:Y2SiO5 crystal under the EIT condition has similar properties to the traditional holographic grating. On the other hand, the atomic coherence grating has its own unique characteristics that are different from those of traditional holographic grating. The EIT-induced nonlinearity and atomic coherence gratings can be used to manipulate the amplitude, the phase and the polarization state of light fields; therefore, they are of important applications for optical signal processing, quantum information processing and imaging processing.",6,0.3178,4,1
https://openalex.org/W4281615084,https://doi.org/10.3103/s1068337222020104,Nano-Scale Architecture of Quantum-Size Structures at the Growth from Quaternary In–As–Sb–P Liquid Phase on InAs(100) Substrate,2022,article,T10022,Semiconductor Quantum Structures and Devices,"In this review paper we present results of the growth, characterization and electronic properties of InAsSbP composition strain-induced micro- and nanostructures. Nucleation is performed from In–As–Sb–P quaternary composition liquid phase in Stranski–Krastanow growth mode using steady-state liquid phase epitaxy. Growth features and the shape transformation of pyramidal islands, lens-shape and ellipsoidal type-II quantum dots (QDs), quantum rings and QD-molecules are under consideration. It is shown that the application of quaternary InAsSbP composition wetting layer allows not only more flexible monitoring of lattice-mismatch between the wetting layer and an InAs(100) substrate, but also opens up new possibilities at nanoscale engineering and nanoarchitecture of several type of nanostructures. High-resolution scanning electron (HR-SEM), atomic-force (AFM) and transmission electron (TEM) microscopes are used for nanostructures characterization. Optoelectronic properties of the grown structures in mid-infrared region are investigated by absorption and photoresponse spectra measurements. Two types of QDs mid-infrared photodetectors are fabricated and investigated. It is shown that application of QDs allows to improve some output device characteristics, in particularly, to increase sensitivity, to broaden the spectral range, etc.",1,0.1493,1,1
https://openalex.org/W2047144733,https://doi.org/10.1103/physrevlett.112.223603,Synchronized Switching in a Josephson Junction Crystal,2014,article,T10020,Quantum Information and Cryptography,"We consider a superconducting coplanar waveguide resonator where the central conductor is interrupted by a series of uniformly spaced Josephson junctions. The device forms an extended medium that is optically nonlinear on the single photon level with normal modes that inherit the full nonlinearity of the junctions but are nonetheless accessible via the resonator ports. For specific plasma frequencies of the junctions, a set of normal modes clusters in a narrow band and eventually becomes entirely degenerate. Upon increasing the intensity of a red detuned drive on these modes, we observe a sharp and synchronized switching from low-occupation quantum states to high-occupation classical fields, accompanied by a pronounced jump from low to high output intensity.",32,4.6677,2,2
https://openalex.org/W7135602239,,"Complementary experimental probes for magnetic phenomena in quantum materials at large-scale facilities: neutron, photon and muon",2024,article,T11993,Atomic and Subatomic Physics Research,,0,0.0,1,0
https://openalex.org/W1674716243,https://doi.org/10.1103/physreva.94.030304,Entangled vector vortex beams,2016,article,T10490,Orbital Angular Momentum in Optics,"Light beams having a vectorial field structure, or polarization, that varies over the transverse profile and a central optical singularity are called vector vortex (VV) beams and may exhibit specific properties such as focusing into ``light needles'' or rotation invariance. VV beams have already found applications in areas ranging from microscopy to metrology, optical trapping, nano-optics, and quantum communication. Individual photons in such beams exhibit a form of single-particle quantum entanglement between different degrees of freedom. On the other hand, the quantum states of two photons can be also entangled with each other. Here, we combine these two concepts and demonstrate the generation of quantum entanglement between two photons that are both in VV states: a form of entanglement between two complex vectorial fields. This result may lead to quantum-enhanced applications of VV beams as well as to quantum information protocols fully exploiting the vectorial features of light.",113,6.0747,7,2
https://openalex.org/W4377861136,https://doi.org/10.1140/epjqt/s40507-023-00173-2,Ancilla-driven blind quantum computation for clients with different quantum capabilities,2023,article,T10020,Quantum Information and Cryptography,"Abstract Blind quantum computation (BQC) allows a client with limited quantum power to delegate his quantum computational task to a powerful server and still keep his input, output, and algorithm private. There are mainly two kinds of models about BQC, namely circuit-based and measurement-based models. In addition, a hybrid model called ancilla-driven universal blind quantum computation (ADBQC) was proposed by combining the properties of both circuit-based and measurement-based models, where all unitary operations on the register qubits can be realized with the aid of single ancilla coupled to the register qubits. However, in the ADBQC model, the quantum capability of the client is strictly limited to preparing single qubits. If a client can only perform single-qubit measurements or a few simple quantum gates, he will not be able to perform ADBQC. This paper solves the problem and extends the existing model by proposing two types of ADBQC protocols for clients with different quantum capabilities, such as performing single-qubit measurements or single-qubit gates. Furthermore, in the two proposed ADBQC protocols, clients can detect whether servers are honest or not with a high probability by using corresponding verifiable techniques.",4,0.6852,4,1
https://openalex.org/W2077490801,https://doi.org/10.1143/jjap.43.l1320,Annealing Effects on Electroluminescence and Laser Operation of InGaAsSbN Quantum Well Diodes grown on InP Substrates,2004,article,T10022,Semiconductor Quantum Structures and Devices,"The effects of rapid thermal annealing (RTA) on the electroluminescence (EL) properties of InGaAsSbN quantum well diodes grown on InP substrates were studied. A marked enhancement of EL intensity and a blue shift of peak energy were observed with RTA at 700°C for 20 s. Furthermore, laser operation at 2.07 µm was achieved for the InGaAsSbN quantum well diode upon RTA, where the threshold current density was 1.48 kA/cm2 at 90 K.",10,1.6199,3,1
https://openalex.org/W2042195985,https://doi.org/10.1109/lfnm.2010.5624178,Calculation of energy characteristics of Si&lt;inf&gt;1&amp;#x2212;x&lt;/inf&gt;Ge&lt;inf&gt;x&lt;/inf&gt;-Si quantum-well heterostructures using k&amp;#x00B7;p method,2010,article,T10022,Semiconductor Quantum Structures and Devices,"Numerical calculations of energy characteristics of quantum-well structures based on Si <sub xmlns:mml=""http://www.w3.org/1998/Math/MathML"" xmlns:xlink=""http://www.w3.org/1999/xlink"">1-x</sub> Ge <sub xmlns:mml=""http://www.w3.org/1998/Math/MathML"" xmlns:xlink=""http://www.w3.org/1999/xlink"">x</sub> -Si have been performed using the four-band k·p method. It is shown that varying the thickness of the active layer and the height and width of potential barriers one can control the frequency ω of optical transitions. The analytical expressions for ħω are established, which are in good agreement with the numerical calculations by the k·p method, exactly define the limits of changes in ħω.",1,0.0,2,1
https://openalex.org/W3012490271,https://doi.org/10.1016/j.matpr.2019.12.272,Equivalent Circuit Parameters of Hybrid Quantum-Dot Solar Cells,2020,article,T10022,Semiconductor Quantum Structures and Devices,,5,0.6947,10,1
https://openalex.org/W1982294497,https://doi.org/10.1002/pssc.200983159,Optical characterization of intersubband transitions in Zn<sub>x</sub>Cd<sub>1‐x</sub>Se/Zn<sub>x′</sub>Cd<sub>y′</sub>Mg<sub>1‐x′‐y′</sub>Se asymmetric coupled quantum well structures by contactless electroreflectance,2010,article,T11111,Spectroscopy and Laser Applications,"Abstract Contactless electroreflectance (CER) was used to characterize the possible optical transitions in a Zn x Cd 1‐x Se/Zn x′ Cd y′ Mg 1‐x′‐y′ Se asymmetric coupled quantum well (ACQW) structure grown by molecular beam epitaxy for quantum cascade laser (QCL) applications. CER spectrum revealed a wide range of the possible optical transitions in ACQW structure. The ground state transition was assigned by comparing with the photoluminescence emission signal taken from the same structure. A comprehensive analysis of the CER spectrum led to the identification of various interband transitions. The intersubband transitions were estimated and confirmed by FTIR measurements. The results demonstrate the potential of using CER as a complimentary technique for the contactless and nondestructive characterization of the wide band gap II‐VI ACQW structures for QCL applications (© 2010 WILEY‐VCH Verlag GmbH &amp; Co. KGaA, Weinheim)",0,0.0,7,2
https://openalex.org/W2163090610,https://doi.org/10.1103/physrevb.88.035416,Coupling of single quantum dots to photonic crystal cavities investigated by low-temperature scanning near-field optical microscopy,2013,article,T10666,Photonic Crystals and Applications,We report a study of single quantum dots inside photonic crystal cavities with a low-temperature scanning near-field optical microscope. The spatial maps of single excitonic lines from the quantum dot show the clear signature of coupling to the cavity modes for small detunings. We also show that the near-field tip can be used to control the exciton-photon coupling at the nanoscale. A general framework for the interpretation of near-field maps of single emitters in cavities is proposed.,5,0.6629,8,2
https://openalex.org/W2047370059,https://doi.org/10.1016/s1350-4495(03)00155-5,Time-resolved electron transport studies on InGaAs/GaAs-QWIPs,2003,article,T10022,Semiconductor Quantum Structures and Devices,,2,0.0,8,3
https://openalex.org/W1599981570,https://doi.org/10.1103/physreva.92.043812,Remote macroscopic entanglement on a photonic crystal architecture,2015,article,T11449,Mechanical and Optical Resonators,"The outstanding progress in nanostructure fabrication and cooling technologies allows what was unthinkable a few decades ago: bringing single-mode mechanical vibrations to the quantum regime. The coupling between photon and phonon excitations is a natural source of nonclassical states of light and mechanical vibrations, and its study within the field of cavity optomechanics is developing lightning fast. Photonic crystal cavities are highly integrable architectures that have demonstrated the strongest optomechanical coupling to date and should therefore play a central role for such hybrid quantum-state engineering. In this context, we propose a realistic heralding protocol for the on-chip preparation of remotely entangled mechanical states, relying on the state-of-the-art optomechanical parameters of a silicon-based nanobeam structure. Pulsed sideband excitation of a Stokes process, combined with single-photon detection, allows the writing of a delocalized mechanical Bell state in the system, signatures of which can then be read out in the optical field. A measure of entanglement in this protocol is provided by the visibility of a characteristic quantum interference pattern in the emitted light.",14,1.0991,3,1
https://openalex.org/W2994453091,https://doi.org/10.1007/s11082-019-2133-0,Generation of entangled states by a nonlinear coupler pumped in one mode induced by broadband laser,2019,article,T10020,Quantum Information and Cryptography,,1,0.1445,5,1
https://openalex.org/W3126786736,https://doi.org/10.1007/s11082-021-02750-0,Comparative studies on the DC and RF performances of conventional HEMT and double quantum well heterostructure,2021,article,T10022,Semiconductor Quantum Structures and Devices,,4,0.4488,3,1
https://openalex.org/W1982369027,https://doi.org/10.1002/pssa.201221932,Fundamentals and Applications of Diamond,2012,article,T10478,Diamond and Carbon-based Materials Research,"Dear colleagues, We are pleased to introduce you to this Special Issue of physica status solidi (a), focussed on fundamental and applied science and technology of diamond and nanodiamond materials. This special issue aims at providing a brief but hopefully broad overview of those topics that are today at the centre of the diamond community's current interests, such as diamond growth and doping, colour centres, nanophotonics, devices and electronics, bioapplications of diamond and nanodiamonds, surface properties, etc. The Feature Article by Dean Ho and Han Man 1 reviews the use of diamond materials in various nanomedicine applications, with a particular focus on therapeutics and drug delivery. They demonstrate that, in addition to their well-known properties such as biocompatibility and outstanding imaging capability, diamond nanoparticles are promising vehicles for drug delivery resulting in enhanced therapeutic efficacy and reduced premature drug release. This exciting field of applications is expected to grow rapidly with the full understating and control over the surface functionality of diamond nanomaterials. A relatively recent field of excitement for the diamond community is nanophotonics, an area of research that has rapidly evolved from the study of colour centres in bulk diamond to a plethora of phenomena and applications enabled by a precise nanostructuring of diamond single crystals. In their Feature Article, Birgit Hausmann and colleagues 2 from Harvard University review some of their recent contributions, such as the use of diamond nanowires to increase single photo collection from nitrogen-vacancy (NV) centres embedded in these nanostructures, or the coupling of single NV centres to planar resonators on-chip. This article highlights the outstanding challenges that still need to be addressed both in terms of fabrication nanotechnology, implantation of colour centres, and device design. The third Feature Article in this special issue, by Markus Dankerl and colleagues 3 of the Walter Schottky Institute, reviews solution-gated field effect transistors (SGFETs) based on surface-conductive single crystalline diamond with a focus on bioelectronic applications, in particular for the development of cell-transistor electronic interfaces. The article covers technology aspects, fundamental issues of the diamond/electrolyte interface, and finally reports on the successful recording of cell's action potentials using arrays of diamond SGFETs. In a special issue related to diamond, the most demanding challenge for the community, i.e. the growth of high quality diamond films and their doping, cannot be missing. In the Editor's Choice article, André Sartori and co-workers 4 provide a detailed study of in-situ boron doping during heteroepitaxial growth of diamond, a promising path towards the preparation of doped, high-quality, large area diamond thin films, which is a step that seems mandatory for the success of any of the potential applications of diamond in electronics. In another contribution, Jocelyn Achard et al. 5 explore the suitability of boron-doped freestanding diamond single crystals for vertical power electronic devices. In contrast to the most standard co-planar structures, the vertical configuration offers several advantages, at the expense of requiring high quality, heavily doped, thick films. The electrical characterization of diamond films as well as of diamond devices is still a very active topic in the diamond community, and is well represented in this special issue of physica status solidi (a). For instance, the contribution by Yuto Hoshino and colleagues 6 reports on the electrical properties of a novel lateral p–n junction diode fabricated by selective growth of phosphorous n+ diamond, aiming at avoiding some of the drawbacks of vertical p–n junctions. Two studies report on fundamental aspects of the electronic properties of charge carriers in diamond films. J. Barjon et al. 7 characterize homoepitaxial boron-doped diamond, grown with a very residual donor impurity concentration which results in low compensation and thus films exhibiting high conductivities. In their contribution, P. Ščajev et al. 8, provide an extensive study on the effect of the crystalline structure of diamond films on the carrier recombination and diffusivity. With this special issue of physica status solidi (a) we do not only aim at providing you with a selection of the currently most active fields of research related to the science, technology, and applications of diamond. In addition, we also hope that the contributions included in this issue can help to point out the challenges ahead while at the same time provide inspiration for your future work. Garching & Hasselt, September 10, 2012 Jose A. Garrido Miloš Nesládek Ken Haenen",0,0.0,3,0
https://openalex.org/W2018182951,https://doi.org/10.1117/12.620520,"Development of the quantum state evolution model based on the ""amplitude quanta"" method",2005,article,T10622,Quantum Mechanics and Applications,Nowadays the task of molecular modeling plays the important role in many branches of science and engineering. But the existing models do not take quantum effects into account because of known calculating issues. The main difficulty in modeling of the evolution of multi particle quantum states by solving the Schroedinger equation consists iii exponential growth of required time and memory with the corresponding increase of entangled particles. The approach to this problem considered in works [3 4] consists in applying Feynman path integrals instead of solving Schroedinger equation. In terms of the amplitude quanta method based on this approach the wave function of a particle is calculated as a sum of the large amount of a.q. that probably will allow the linear growth of required memory with the corresponding increase of entangled particles. This approach also allows to the easy transition from the classical description of a particle to the quantum and back. The given work is devoted to the development of the quantum state evolution model based on the a. q. method in one and two-dimensional cases.,0,0.0,3,1
